<?xml version="1.0" encoding="UTF-8" ?>
<!DOCTYPE log4j:configuration SYSTEM "log4j.dtd">
<log4j:configuration debug="false"
	xmlns:log4j='http://jakarta.apache.org/log4j/'>

	<appender name="roll-by-size" class="org.apache.log4j.RollingFileAppender">
		<param name="file" value="target/log4j/roll-by-size/app.log" />
		<param name="MaxFileSize" value="5KB" />
		<param name="MaxBackupIndex" value="5" />
		<layout class="org.apache.log4j.PatternLayout">
			<param name="ConversionPattern" value="%d{MM-dd-yyyy HH:mm:ss} %-5p %m%n" />
		</layout>
	</appender>

	<root>
		<level value="TRACE" />
		<appender-ref ref="roll-by-size" />
	</root>

</log4j:configuration>