<?xml version="1.0" encoding="UTF-8" ?>
<!DOCTYPE log4j:configuration SYSTEM "log4j.dtd">
<log4j:configuration debug="false"
	xmlns:log4j='http://jakarta.apache.org/log4j/'>

	<appender name="console" class="org.apache.log4j.ConsoleAppender">
		<param name="Threshold" value="INFO" />
		<layout class="org.apache.log4j.PatternLayout">
			<param name="ConversionPattern" value="%d %-5p %c{1}:%L - %m%n" />
		</layout>
	</appender> 
	 
	

	<appender name="file" class="org.apache.log4j.FileAppender">
		<param name="Threshold" value="INFO" />
		<param name="File" value="Automationlogfile.log" />
		<layout class="org.apache.log4j.PatternLayout">
			<param name="ConversionPattern" value="%d %-5p [%t] (%F:%L) - %m%n" />
		</layout>
	</appender>
	
  <root>
		<level value="INFO" />
		<!-- <appender-ref ref="console" /> -->
		<appender-ref ref="console" /> 
	</root>  

</log4j:configuration>